Number,DEB Stylized Fact,Accuracy,I have an explanation,Importance
501,"With growth and development curves, it is possible to predict food intake and energy allocation, which is confirmed experimentally.",,,
502,The relationship between length and body mass is predictable and depends on the shape coefficient.,,,
503,"Organisms can be described by the same set of DEB parameters throughout their entire life cycle, without needing to change the model in different phases.",,,
504,Respiratory quotient (RQ) is predictable from the chemical composition of reserves and structure.,,,
505,"Nitrogen waste correlates with structure catabolism, not reserves.",,,
506,"Lipid content of the body correlates with reserves, and protein with structure.",,,
507,Condition factor (CF) reflects the state of reserves relative to structure.,,,
508,Gonadosomatic index (GSI) follows predictable seasonal cycles in mature individuals.,,,
509,Hepatosomatic index (HSI) correlates with energy state and food availability.,,,
510,Experimental starvation shows the hierarchy of metabolic priorities.,,,
511,Calorimetry measurements confirm predicted metabolic rates from DEB parameter estimates.,,,
512,Feeding experiments validate functional response curves and assimilation efficiency predictions.,,,
513,Growth rate measurements under different temperatures confirm Arrhenius relationship predictions.,,,
514,Body composition analysis validates reserve and structure compartment predictions.,,,
515,Reproduction timing experiments confirm maturation energy threshold hypotheses.,,,
516,Metabolic chamber studies validate oxygen consumption and carbon dioxide production predictions.,,,
517,Isotope labeling experiments trace energy allocation pathways predicted by DEB theory.,,,
518,Life table experiments confirm survivorship predictions under different environmental conditions.,,,
519,Food restriction experiments validate energy allocation hierarchy predictions.,,,
520,Temperature acclimation studies confirm predicted changes in DEB parameters.,,,
521,Biochemical analysis validates predicted relationships between metabolites and energy states.,,,
522,Photoperiod manipulation experiments confirm predicted effects on reproductive timing.,,,
523,Exercise physiology studies validate predicted relationships between activity and metabolism.,,,
524,Toxicology experiments confirm predicted effects of contaminants on DEB parameters.,,,
525,Field metabolic rate measurements validate laboratory-based DEB parameter estimates.,,,
526,Genetic manipulation experiments reveal molecular basis of DEB parameter variation.,,,
527,Comparative studies across species validate universal DEB principles and parameter relationships.,,,
528,Longitudinal studies confirm predicted individual growth and reproduction trajectories.,,,
529,Stress response experiments validate predicted changes in energy allocation under adverse conditions.,,,
530,Nutritional experiments confirm predicted effects of food quality on DEB parameters.,,,
531,Aging studies validate predicted changes in maintenance costs and reproductive output over time.,,,
532,Population experiments confirm individual-based predictions of population dynamics.,,,
533,Seasonal monitoring validates predicted cyclical changes in energy allocation patterns.,,,
534,Molecular marker studies confirm predicted relationships between gene expression and metabolic state.,,,
535,Biomarker validation studies confirm predictive power of morphological and physiological indices.,,,
536,Multi-generation experiments validate predicted effects of parental condition on offspring performance.,,,
537,Competition experiments confirm predicted effects of density on individual DEB parameters.,,,
538,Migration studies validate predicted energy requirements and allocation for long-distance movement.,,,
539,Hibernation experiments confirm predicted metabolic depression and energy conservation strategies.,,,
540,Developmental biology experiments validate predicted maturation energy accumulation patterns.,,,
541,Enzyme activity measurements confirm predicted relationships between metabolic capacity and DEB parameters.,,,
542,Hormone level measurements validate predicted endocrine regulation of DEB processes.,,,
543,Behavioral studies confirm predicted relationships between activity patterns and energy allocation.,,,
544,Immune function experiments validate predicted energy costs of pathogen resistance and response.,,,
545,Wound healing studies confirm predicted energy allocation for repair and maintenance processes.,,,
546,Reproductive success experiments validate predicted optimization of offspring size and number.,,,
547,Environmental manipulation experiments confirm predicted plasticity in DEB parameter responses.,,,
548,Bioenergetic modeling validation confirms accuracy of DEB predictions across life stages.,,,
549,Microbiome studies validate predicted effects of gut bacteria on assimilation efficiency.,,,
550,Ecophysiology experiments confirm predicted adaptation to extreme environmental conditions.,,,
551,Cellular respiration studies validate predicted energy conversion efficiency at cellular level.,,,
552,Proteomics analysis confirms predicted protein allocation patterns in different metabolic states.,,,
553,Metabolomics studies validate predicted metabolite profiles under different energy allocation scenarios.,,,
554,Genomics research reveals genetic basis of DEB parameter variation among individuals and species.,,,
555,Transcriptomics analysis confirms predicted gene expression patterns associated with energy allocation.,,,
556,Epigenetic studies validate predicted effects of environmental conditions on developmental programming.,,,
557,Biomechanics experiments confirm predicted relationships between structure and functional performance.,,,
558,Sensory physiology studies validate predicted energy costs of information processing and response.,,,
559,Neurobiological experiments confirm predicted energy allocation for brain function and maintenance.,,,
560,Cardiovascular studies validate predicted relationships between circulation and metabolic rate.,,,
561,Respiratory physiology experiments confirm predicted gas exchange efficiency and metabolic constraints.,,,
562,Osmoregulation studies validate predicted energy costs of water and ion balance maintenance.,,,
563,Thermoregulation experiments confirm predicted energy allocation for temperature control.,,,
564,Digestive physiology studies validate predicted assimilation efficiency and gut function relationships.,,,
565,Excretion studies confirm predicted nitrogen waste production and energy allocation patterns.,,,
566,Muscle physiology experiments validate predicted relationships between locomotion costs and metabolism.,,,
567,Skeletal studies confirm predicted structural investment and maintenance cost relationships.,,,
568,Integumentary system studies validate predicted energy allocation for protection and barrier function.,,,
569,Reproductive physiology experiments confirm predicted energy costs of gamete production and mating.,,,
570,Developmental abnormality studies validate predicted effects of energy limitation on morphogenesis.,,,
571,Regeneration experiments confirm predicted energy allocation for tissue repair and regrowth.,,,
572,Cell culture studies validate predicted energy allocation patterns at cellular level.,,,
573,Organ culture experiments confirm predicted tissue-specific metabolic characteristics.,,,
574,Biochemical pathway analysis validates predicted metabolic flux distributions.,,,
575,Pharmacological studies confirm predicted effects of metabolic modulators on DEB parameters.,,,
576,Surgical intervention experiments validate predicted compensation mechanisms in DEB systems.,,,
577,Disease model studies confirm predicted effects of pathological conditions on energy allocation.,,,
578,Recovery experiments validate predicted healing and restoration patterns following stress.,,,
579,Adaptation studies confirm predicted evolutionary responses to long-term environmental change.,,,
580,Artificial selection experiments validate predicted heritability of DEB-related traits.,,,
581,Cross-breeding studies confirm predicted genetic basis of DEB parameter differences.,,,
582,Quantitative genetics analysis validates predicted inheritance patterns of energy allocation traits.,,,
583,Phylogenetic analysis confirms predicted evolutionary conservation of fundamental DEB principles.,,,
584,Biogeography studies validate predicted relationships between DEB parameters and geographic distribution.,,,
585,Paleobiology research confirms predicted DEB principles in extinct species and evolutionary history.,,,
586,Conservation biology applications validate practical utility of DEB models for species management.,,,
587,Aquaculture studies confirm predicted optimization of growth and reproduction in managed systems.,,,
588,Agricultural applications validate DEB principles in crop and livestock production systems.,,,
589,Biomedical research confirms predicted metabolic principles relevant to human health and disease.,,,
590,Environmental monitoring programs validate DEB biomarkers as indicators of ecosystem health.,,,
591,Climate change research confirms predicted species responses to altered environmental conditions.,,,
592,Pollution studies validate predicted effects of contaminants on organism energy allocation.,,,
593,Restoration ecology applications confirm predicted recovery patterns following habitat rehabilitation.,,,
594,Invasion biology studies validate predicted establishment success based on DEB characteristics.,,,
595,Fisheries science applications confirm predicted sustainable harvest levels based on DEB models.,,,
596,Wildlife management programs validate DEB-based habitat quality assessment and improvement strategies.,,,
597,Captive breeding programs confirm predicted optimization of breeding success through DEB management.,,,
598,Ecological risk assessment validates DEB models for predicting population-level effects of stressors.,,,
599,Biotechnology applications confirm predicted optimization of organism performance for industrial purposes.,,,
600,Future experimental directions will continue expanding validation of DEB theory across biological scales.,,,
